Model,Correctly_clf,Miss_clf,Accuracy
MCML,930,492,65.40084388185655
Kmeans,969,453,68.14345991561181
SVM,948,290,76.57512116316639
